CD_ATIVO;Setor;Industria
AMER3;Consumer Cyclical;Internet Retail
ALPK3;Industrials;Infrastructure Operations
CLSC3;Utilities;Utilities - Regulated Electric
CLSC4;Utilities;Utilities - Regulated Electric
BRAV3;Energy;Oil & Gas E&P
EMBR3;Industrials;Aerospace & Defense
HAPV3;Financial Services;Insurance - Life
JBSS3;;
LREN3;Consumer Cyclical;Department Stores
MRFG3;Consumer Defensive;Packaged Foods
NTCO3;;
RAIL3;Industrials;Railroads
SLCE3;Consumer Defensive;Farm Products
TIMS3;Communication Services;Telecom Services
ALOS3;Real Estate;Real Estate Services
ASAI3;Consumer Defensive;Grocery Stores
B3SA3;Financial Services;Financial Data & Stock Exchanges
BBSE3;Financial Services;Insurance - Diversified
BRFS3;Consumer Defensive;Packaged Foods
CPLE3;Utilities;Utilities - Regulated Electric
CSAN3;Energy;Oil & Gas Refining & Marketing
ECOR3;Industrials;Infrastructure Operations
IRBR3;Financial Services;Insurance - Reinsurance
PRIO3;Energy;Oil & Gas E&P
RENT3;Industrials;Rental & Leasing Services
UGPA3;Energy;Oil & Gas Refining & Marketing
VALE3;Basic Materials;Other Industrial Metals & Mining
AZZA3;Consumer Cyclical;Footwear & Accessories
BBAS3;Financial Services;Banks - Regional
DIRR3;Real Estate;Real Estate - Development
ENEV3;Utilities;Utilities - Diversified
EQTL3;Utilities;Utilities - Regulated Electric
HYPE3;Healthcare;Drug Manufacturers - Specialty & Generic
MULT3;Real Estate;Real Estate Services
RADL3;Healthcare;Pharmaceutical Retailers
STBP3;Industrials;Marine Shipping
SUZB3;Basic Materials;Paper & Paper Products
VIVA3;Consumer Cyclical;Luxury Goods
WEGE3;Industrials;Electrical Equipment & Parts
YDUQ3;Consumer Defensive;Education & Training Services
ABEV3;Consumer Defensive;Beverages - Brewers
BBDC3;Financial Services;Banks - Regional
CCRO3;;
CURY3;Real Estate;Real Estate - Development
CXSE3;Financial Services;Insurance - Diversified
ELET3;Utilities;Utilities - Renewable
GMAT3;Consumer Cyclical;Department Stores
INTB3;Technology;Communication Equipment
PETR3;Energy;Oil & Gas Integrated
PETZ3;Consumer Cyclical;Specialty Retail
PSSA3;Financial Services;Insurance - Diversified
RECV3;Energy;Oil & Gas E&P
SBSP3;Utilities;Utilities - Regulated Water
TOTS3;Technology;Software - Application
VBBR3;Consumer Cyclical;Specialty Retail
VIVT3;Communication Services;Telecom Services
VULC3;Consumer Cyclical;Footwear & Accessories
ITSA4;Industrials;Conglomerates
ITUB4;Financial Services;Banks - Regional
BRKM5;Basic Materials;Chemicals
GOAU4;Basic Materials;Steel
PETR4;Energy;Oil & Gas Integrated
BBDC4;Financial Services;Banks - Regional
ELET6;Utilities;Utilities - Renewable
GGBR4;Basic Materials;Steel
CMIG4;Utilities;Utilities - Diversified
CPLE6;Utilities;Utilities - Regulated Electric
POMO4;Industrials;Farm & Heavy Construction Machinery
MRVE3;Real Estate;Real Estate - Development
BEEF3;Consumer Defensive;Farm Products
LWSA3;Technology;Software - Infrastructure
AURE3;Utilities;Utilities - Renewable
CRFB3;;
FLRY3;Healthcare;Diagnostics & Research
RDOR3;Healthcare;Medical Care Facilities
CSNA3;Basic Materials;Steel
CVCB3;Consumer Cyclical;Travel Services
COGN3;Consumer Defensive;Education & Training Services
CPFE3;Utilities;Utilities - Regulated Electric
MGLU3;Consumer Cyclical;Specialty Retail
PCAR3;Consumer Cyclical;Department Stores
CMIN3;Basic Materials;Steel
CYRE3;Consumer Cyclical;Residential Construction
AMOB3;Consumer Cyclical;Auto & Truck Dealerships
EGIE3;Utilities;Utilities - Renewable
SMTO3;Basic Materials;Specialty Chemicals
VAMO3;Industrials;Rental & Leasing Services
USIM5;Basic Materials;Steel
BRAP4;Financial Services;Asset Management
AZUL4;Industrials;Airlines
RAIZ4;Utilities;Utilities - Renewable
ISAE4;Utilities;Utilities - Independent Power Producers
AMBP3;Industrials;Waste Management
CEAB3;Consumer Cyclical;Specialty Retail
CSMG3;Utilities;Utilities - Regulated Water
EZTC3;Real Estate;Real Estate - Development
GGPS3;Industrials;Specialty Business Services
MOVI3;Industrials;Rental & Leasing Services
ONCO3;Healthcare;Medical Care Facilities
SMFT3;Consumer Cyclical;Leisure
TEND3;Real Estate;Real Estate - Development
ALPA4;Consumer Cyclical;Footwear & Accessories
ANIM3;Consumer Defensive;Education & Training Services
MEAL3;Consumer Cyclical;Restaurants
ORVR3;Industrials;Waste Management
SIMH3;Industrials;Rental & Leasing Services
SRNA3;Utilities;Utilities - Renewable
ABCB4;Financial Services;Banks - Regional
BPAN4;Financial Services;Banks - Regional
GSHP3;Real Estate;Real Estate - Diversified
PTBL3;Industrials;Building Products & Equipment
PTNT3;Consumer Cyclical;Apparel Manufacturing
SHOW3;Consumer Cyclical;Leisure
BRSR6;Financial Services;Banks - Regional
PTNT4;Consumer Cyclical;Apparel Manufacturing
DESK3;Communication Services;Telecom Services
PNVL3;Healthcare;Drug Manufacturers - General
CEBR3;Utilities;Utilities - Regulated Electric
COCE5;Utilities;Utilities - Regulated Electric
FRAS3;Consumer Cyclical;Auto Parts
MDNE3;Real Estate;Real Estate Services
PRNR3;Industrials;Engineering & Construction
ITUB3;Financial Services;Banks - Regional
KEPL3;Industrials;Farm & Heavy Construction Machinery
MDIA3;Consumer Defensive;Packaged Foods
ELMD3;;
MLAS3;Technology;Electronics & Computer Distribution
ENGI4;Utilities;Utilities - Regulated Electric
CGRA3;Consumer Cyclical;Department Stores
CGRA4;Consumer Cyclical;Department Stores
OIBR3;Communication Services;Telecom Services
TTEN3;Basic Materials;Agricultural Inputs
SCAR3;Real Estate;Real Estate Services
CEEB3;Utilities;Utilities - Regulated Electric
MELK3;Real Estate;Real Estate Services
NEOE3;Utilities;Utilities - Regulated Electric
POMO3;Industrials;Farm & Heavy Construction Machinery
POSI3;Technology;Computer Hardware
TECN3;Consumer Cyclical;Luxury Goods
TGMA3;Industrials;Trucking
VITT3;Basic Materials;Agricultural Inputs
WEST3;Consumer Cyclical;Specialty Retail
MYPK3;Consumer Cyclical;Auto Parts
QUAL3;Healthcare;Healthcare Plans
TUPY3;Industrials;Metal Fabrication
RAPT4;Industrials;Farm & Heavy Construction Machinery
OPCT3;Industrials;Specialty Business Services
ARML3;Industrials;Rental & Leasing Services
TFCO4;Consumer Cyclical;Apparel Retail
ELET5;Utilities;Utilities - Renewable
ALPA3;Consumer Cyclical;Footwear & Accessories
ENJU3;Consumer Cyclical;Internet Retail
HBRE3;Real Estate;Real Estate Services
HBSA3;Industrials;Integrated Freight & Logistics
VVEO3;Healthcare;Medical Distribution
BHIA3;Consumer Cyclical;Specialty Retail
JALL3;Consumer Defensive;Confectioners
EUCA3;Industrials;Building Products & Equipment
EKTR3;Utilities;Utilities - Regulated Electric
CSED3;Consumer Defensive;Education & Training Services
AFLT3;Utilities;Utilities - Regulated Electric
EUCA4;Industrials;Building Products & Equipment
EKTR4;Utilities;Utilities - Regulated Electric
CEEB5;Utilities;Utilities - Regulated Electric
RAPT3;Industrials;Farm & Heavy Construction Machinery
BDLL4;Industrials;Specialty Industrial Machinery
DOHL4;Consumer Cyclical;Textile Manufacturing
VSTE3;;
BIOM3;Healthcare;Biotechnology
EVEN3;Real Estate;Real Estate - Development
PLPL3;Real Estate;Real Estate - Development
ITSA3;Industrials;Conglomerates
EMAE3;Utilities;Utilities - Diversified
BPAC5;Financial Services;Capital Markets
GUAR3;Consumer Cyclical;Apparel Manufacturing
LJQQ3;Consumer Cyclical;Specialty Retail
KRSA3;;
MATD3;Healthcare;Medical Care Facilities
PORT3;Industrials;Marine Shipping
DASA3;Healthcare;Diagnostics & Research
TASA4;Industrials;Aerospace & Defense
VLID3;Industrials;Specialty Business Services
ODPV3;Healthcare;Healthcare Plans
JHSF3;Real Estate;Real Estate - Development
CAML3;Consumer Defensive;Packaged Foods
CBAV3;Basic Materials;Aluminum
ETER3;Industrials;Building Products & Equipment
GGBR3;Basic Materials;Steel
GOAU3;Basic Materials;Steel
LPSB3;Real Estate;Real Estate Services
TASA3;Industrials;Aerospace & Defense
UCAS3;Consumer Cyclical;Furnishings, Fixtures & Appliances
CRPG5;Basic Materials;Chemicals
UNIP6;Basic Materials;Chemicals
WHRL4;Consumer Cyclical;Furnishings, Fixtures & Appliances
PFRM3;Healthcare;Medical Distribution
SJOS4;;
GFSA3;Consumer Cyclical;Residential Construction
HBOR3;Real Estate;Real Estate Services
MTRE3;Real Estate;Real Estate - Development
IFCM3;Industrials;Specialty Business Services
TELB3;Communication Services;Telecom Services
TELB4;Communication Services;Telecom Services
MILS3;Industrials;Rental & Leasing Services
LAVV3;Real Estate;Real Estate Services
CSUD3;Technology;Software - Infrastructure
LIGT3;Utilities;Utilities - Renewable
DXCO3;Basic Materials;Lumber & Wood Production
SHUL4;Consumer Cyclical;Auto Parts
DOTZ3;Communication Services;Advertising Agencies
INEP3;Industrials;Specialty Industrial Machinery
LVTC3;Communication Services;Telecom Services
KLBN3;Basic Materials;Paper & Paper Products
LOGG3;Real Estate;Real Estate Services
SANB3;Financial Services;Banks - Regional
SAPR3;Utilities;Utilities - Regulated Water
SOJA3;Basic Materials;Agricultural Inputs
TAEE3;Utilities;Utilities - Regulated Electric
KLBN4;Basic Materials;Paper & Paper Products
SANB4;Financial Services;Banks - Regional
SAPR4;Utilities;Utilities - Regulated Water
TAEE4;Utilities;Utilities - Regulated Electric
CAMB3;Consumer Cyclical;Leisure
CALI3;Industrials;Engineering & Construction
AVLL3;Real Estate;Real Estate - Development
JFEN3;Real Estate;Real Estate Services
SBFG3;Consumer Cyclical;Specialty Retail
SYNE3;Real Estate;Real Estate Services
OFSA3;Healthcare;Drug Manufacturers - Specialty & Generic
MTSA3;Industrials;Farm & Heavy Construction Machinery
HAGA4;Industrials;Building Products & Equipment
MGEL4;Basic Materials;Steel
MTSA4;Industrials;Farm & Heavy Construction Machinery
AGRO3;Consumer Defensive;Farm Products
BIED3;Consumer Defensive;Education & Training Services
LEVE3;Consumer Cyclical;Auto Parts
RANI3;Consumer Cyclical;Packaging & Containers
SEER3;Consumer Defensive;Education & Training Services
BMGB4;Financial Services;Banks - Regional
BLAU3;Healthcare;Drug Manufacturers - Specialty & Generic
CMIG3;Utilities;Utilities - Diversified
GRND3;Consumer Cyclical;Footwear & Accessories
MEND6;;
JSLG3;Industrials;Integrated Freight & Logistics
FESA4;Basic Materials;Steel
AERI3;Industrials;Specialty Industrial Machinery
BMOB3;Communication Services;Entertainment
CLSA3;;
ESPA3;Consumer Cyclical;Personal Services
FHER3;Basic Materials;Agricultural Inputs
MBLY3;;
PGMN3;Healthcare;Pharmaceutical Retailers
RCSL3;Industrials;Specialty Industrial Machinery
TRIS3;Real Estate;Real Estate Services
UNIP3;Basic Materials;Chemicals
ZAMP3;Consumer Cyclical;Restaurants
GOLL4;;
RSID3;Consumer Cyclical;Residential Construction
PASS6;;
UNIP5;Basic Materials;Chemicals
LOGN3;Industrials;Marine Shipping
FIQE3;Communication Services;Telecom Services
AMAR3;Consumer Cyclical;Apparel Retail
TCSA3;Real Estate;Real Estate - Development
VTRU3;Consumer Defensive;Education & Training Services
IGTI3;Real Estate;Real Estate Services
EMAE4;Utilities;Utilities - Diversified
BAUH4;Consumer Defensive;Packaged Foods
EQMA3B;Utilities;Utilities - Regulated Electric
WHRL3;Consumer Cyclical;Furnishings, Fixtures & Appliances
BMEB4;Financial Services;Banks - Regional
LAND3;Consumer Defensive;Farm Products
MOAR3;Industrials;Conglomerates
ENMT3;Utilities;Utilities - Regulated Electric
AALR3;Healthcare;Diagnostics & Research
LUXM4;Industrials;Marine Shipping
PMAM3;Basic Materials;Copper
AGXY3;Basic Materials;Agricultural Inputs
ALLD3;Technology;Software - Application
CASH3;Communication Services;Internet Content & Information
BRST3;Communication Services;Telecom Services
DEXP3;Basic Materials;Chemicals
DMVF3;Healthcare;Pharmaceutical Retailers
LUPA3;Energy;Oil & Gas Equipment & Services
MNDL3;Consumer Defensive;Household & Personal Products
NUTR3;Basic Materials;Agricultural Inputs
INEP4;Industrials;Specialty Industrial Machinery
PTSL4;;
AZEV3;Industrials;Engineering & Construction
AZEV4;Industrials;Engineering & Construction
GEPA3;Utilities;Utilities - Regulated Electric
LIPR3;;
MSPA3;Basic Materials;Lumber & Wood Production
IMBI4;;
MSPA4;Basic Materials;Lumber & Wood Production
NGRD3;Technology;Software - Application
TRAD3;Technology;Software - Application
WIZC3;Financial Services;Insurance Brokers
RDNI3;Real Estate;Real Estate - Development
CTNM4;Consumer Cyclical;Textile Manufacturing
EGGY3;;
TKNO4;Basic Materials;Steel
ENGI3;Utilities;Utilities - Regulated Electric
USIM3;Basic Materials;Steel
RCSL4;Industrials;Specialty Industrial Machinery
VIVR3;Real Estate;Real Estate - Development
REAG3;Financial Services;Asset Management
NINJ3;;
ENMT4;Utilities;Utilities - Regulated Electric
SEQL3;Industrials;Integrated Freight & Logistics
AESB3;;
EQPA3;Utilities;Utilities - Regulated Electric
ROMI3;Industrials;Industrial Distribution
EALT4;Industrials;Metal Fabrication
BOBR4;Consumer Defensive;Household & Personal Products
BRAP3;Financial Services;Asset Management
PINE4;Financial Services;Banks - Regional
MNPR3;Consumer Defensive;Farm Products
TPIS3;Industrials;Infrastructure Operations
CEBR6;Utilities;Utilities - Regulated Electric
PINE3;Financial Services;Banks - Regional
CGAS5;Utilities;Utilities - Regulated Gas
OIBR4;Communication Services;Telecom Services
BEES3;Financial Services;Banks - Regional
PDTC3;Technology;Communication Equipment
BGIP4;Financial Services;Banks - Regional
CEDO4;Consumer Cyclical;Textile Manufacturing
GEPA4;Utilities;Utilities - Regulated Electric
NEXP3;Real Estate;Real Estate Services
FRIO3;Consumer Cyclical;Furnishings, Fixtures & Appliances
ALUP3;Utilities;Utilities - Renewable
RNEW3;Utilities;Utilities - Renewable
ALUP4;Utilities;Utilities - Renewable
IGTI4;Real Estate;Real Estate Services
RNEW4;Utilities;Utilities - Renewable
RPMG3;Energy;Oil & Gas Refining & Marketing
ATMP3;;
BRKM3;Basic Materials;Chemicals
ISAE3;Utilities;Utilities - Independent Power Producers
PDGR3;Real Estate;Real Estate - Development
BSLI4;Financial Services;Banks - Regional
BSLI3;Financial Services;Banks - Regional
CTNM3;Consumer Cyclical;Textile Manufacturing
CEBR5;Utilities;Utilities - Regulated Electric
BAZA3;Financial Services;Banks - Regional
MAGG3;;
BPAR3;;
MSTR3;;
REDE3;Utilities;Utilities - Regulated Electric
HAGA3;Industrials;Building Products & Equipment
FIEI3;Real Estate;Real Estate - Development
FBMC4;;
SGPS3;Consumer Cyclical;Textile Manufacturing
COCE3;Utilities;Utilities - Regulated Electric
CEGR3;Utilities;Utilities - Regulated Gas
CEED4;Utilities;Utilities - Regulated Electric
ESTR4;Consumer Cyclical;Leisure
CEED3;Utilities;Utilities - Regulated Electric
MRSA3B;Industrials;Railroads
MRSA6B;Industrials;Railroads
MRSA5B;Industrials;Railroads
PASS5;;
EPAR3;Basic Materials;Lumber & Wood Production
BALM4;Healthcare;Medical Instruments & Supplies
BNBR3;Financial Services;Banks - Regional
CBEE3;Utilities;Utilities - Regulated Electric
CTKA4;Consumer Cyclical;Textile Manufacturing
BMEB3;Financial Services;Banks - Regional
TXRX4;Consumer Cyclical;Textile Manufacturing
SCLO4;;
MWET4;Consumer Cyclical;Auto Parts
OPSE3;;
EQPA5;Utilities;Utilities - Regulated Electric
MERC4;Financial Services;Banks - Regional
CRPG6;Basic Materials;Chemicals
RSUL4;Consumer Cyclical;Auto Parts
WLMM4;Consumer Cyclical;Auto & Truck Dealerships
LAME4;;
ATED3;Communication Services;Publishing
FICT3;Communication Services;Telecom Services
BPAC3;Financial Services;Capital Markets
BRSR3;Financial Services;Banks - Regional
SNSY3;Consumer Cyclical;Auto Parts
BRKM6;Basic Materials;Chemicals
CPLE5;Utilities;Utilities - Regulated Electric
DEXP4;Basic Materials;Chemicals
FESA3;Basic Materials;Steel
TKNO3;Basic Materials;Steel
SNSY5;Consumer Cyclical;Auto Parts
MNZC3;;
PLAS3;Consumer Cyclical;Auto Parts
APTI4;;
JOPA4;Consumer Defensive;Packaged Foods
